"TaskID","ParentTaskID","ReqIDs","Title","Phase","Deliverable","AcceptanceCriteria","EstimatedHours","EstimateBasis","AssigneeID","StartDate","EndDate","PredecessorIDs","Status"
"P-001","","REQ-001;REQ-002;REQ-003","Warning判定変更","","","","","","","","","","Draft"
"T-001","P-001","REQ-001;REQ-002;REQ-003","要求・QAの整理","調査","要求整理表","対象要求との対応を確認し記録を残す","2","合成参照値。生産性・実績を表さない。","001","2026-09-07","2026-09-07","","Draft"
"T-002","P-001","REQ-001;REQ-002;REQ-003","変更設計","設計","変更設計書","対象要求との対応を確認し記録を残す","4","合成参照値。生産性・実績を表さない。","001","2026-09-08","2026-09-08","T-001","Draft"
"T-003","P-001","REQ-001;REQ-002;REQ-003","設計レビュー","レビュー","レビュー記録","対象要求との対応を確認し記録を残す","2","合成参照値。生産性・実績を表さない。","002","2026-09-09","2026-09-09","T-002","Draft"
"T-004","P-001","REQ-001;REQ-002;REQ-003","判定ロジックの実装","実装","変更コード","対象要求との対応を確認し記録を残す","6","合成参照値。生産性・実績を表さない。","001","2026-09-10","2026-09-10","T-003","Draft"
"T-005","P-001","REQ-001;REQ-002;REQ-003","コードレビュー","レビュー","コードレビュー記録","対象要求との対応を確認し記録を残す","2","合成参照値。生産性・実績を表さない。","002","2026-09-14","2026-09-14","T-004","Draft"
"T-006","P-001","REQ-001;REQ-002;REQ-003","境界値試験","試験","境界値試験記録","対象要求との対応を確認し記録を残す","4","合成参照値。生産性・実績を表さない。","002","2026-09-15","2026-09-15","T-005","Draft"
"T-007","P-001","REQ-001;REQ-002;REQ-003","回帰試験","試験","回帰試験記録","対象要求との対応を確認し記録を残す","4","合成参照値。生産性・実績を表さない。","003","2026-09-16","2026-09-17","T-006","Draft"
"T-008","P-001","REQ-001;REQ-002;REQ-003","リリース手順と管理資料整理","リリース","手順書","対象要求との対応を確認し記録を残す","2","合成参照値。生産性・実績を表さない。","003","2026-09-18","2026-09-18","T-007","Draft"
